Size,Gflops,Diff
4,inf,3.497229e+07
8,inf,3.497386e+07
16,8.192000e+00,3.498006e+07
32,5.957818e+00,3.500477e+07
64,4.297443e+00,3.510333e+07
128,4.132319e+00,9.239349e+07
256,3.366891e+00,8.570062e+07
512,3.285302e+00,7.624706e+07
1024,1.554709e+00,4.478568e+07
