Size,Gflops,Diff
4,inf,0.000000e+00
8,inf,0.000000e+00
16,2.730667e+00,0.000000e+00
32,1.724632e+00,0.000000e+00
64,1.669707e+00,0.000000e+00
128,1.487342e+00,0.000000e+00
256,8.108657e-01,0.000000e+00
512,6.287546e-01,0.000000e+00
1024,5.892223e-01,0.000000e+00
2048,3.051863e-01,0.000000e+00
4096,2.460444e-01,0.000000e+00
