Size,Gflops,Diff
4,inf,0.000000e+00
8,inf,0.000000e+00
16,4.096000e+00,0.000000e+00
32,7.281778e+00,0.000000e+00
64,6.898526e+00,0.000000e+00
128,6.775935e+00,0.000000e+00
256,4.464400e+00,0.000000e+00
512,3.712030e+00,0.000000e+00
1024,3.680917e+00,0.000000e+00
2048,3.668320e+00,0.000000e+00
4096,3.665459e+00,0.000000e+00
