Size,Gflops,Diff
4,1.280000e-01,0.000000e+00
8,5.120000e-01,0.000000e+00
16,1.638400e-02,0.000000e+00
32,1.388475e-01,0.000000e+00
64,9.149878e-01,0.000000e+00
128,1.805555e+00,0.000000e+00
256,3.490890e+00,0.000000e+00
512,4.882331e+00,0.000000e+00
1024,6.117072e+00,0.000000e+00
2048,8.306512e+00,0.000000e+00
4096,7.881511e+00,0.000000e+00
