Size,Gflops,Diff
4,inf,0.000000e+00
8,inf,0.000000e+00
16,4.096000e+00,0.000000e+00
32,5.461333e+00,0.000000e+00
64,5.242880e+00,0.000000e+00
128,5.275854e+00,0.000000e+00
256,2.551668e+00,0.000000e+00
512,2.505932e+00,0.000000e+00
1024,1.797700e+00,0.000000e+00
2048,7.410227e-01,0.000000e+00
4096,6.153999e-01,0.000000e+00
