Size,Gflops,Diff
4,inf,3.591846e+07
8,inf,3.592003e+07
16,4.096000e+00,3.592624e+07
32,7.281778e+00,3.595094e+07
64,3.404468e+00,3.604950e+07
128,6.721641e+00,1.434243e+09
256,8.322032e+00,1.440936e+09
512,7.933193e+00,1.450389e+09
1024,7.942024e+00,1.481851e+09
