Size,Gflops,Diff
4,inf,3.461184e+07
8,inf,3.461341e+07
16,4.096000e+00,3.461962e+07
32,5.041231e+00,3.464432e+07
64,6.393756e+00,3.474288e+07
128,7.958831e+00,7.677215e+08
256,5.949367e+00,7.610286e+08
512,4.947025e+00,7.515751e+08
1024,4.953906e+00,7.201137e+08
