Size,Gflops,Diff
4,1.280000e-01,0.000000e+00
8,1.024000e+00,0.000000e+00
16,7.447273e-01,0.000000e+00
32,1.129931e+00,0.000000e+00
64,1.083240e+00,0.000000e+00
128,1.236528e+00,0.000000e+00
256,1.586273e+00,0.000000e+00
512,1.805482e+00,0.000000e+00
1024,1.931720e+00,0.000000e+00
2048,2.484425e+00,0.000000e+00
4096,2.623753e+00,0.000000e+00
