Size,Gflops,Diff
4,inf,1.490598e+07
8,inf,1.490755e+07
16,8.192000e+00,1.491376e+07
32,9.362286e+00,1.493846e+07
64,8.192000e+00,1.503702e+07
128,7.543712e+00,1.873867e+09
256,5.440965e+00,1.867174e+09
512,5.124868e+00,1.857720e+09
1024,3.124190e+00,1.826259e+09
