Size,Gflops,Diff
4,inf,0.000000e+00
8,inf,0.000000e+00
16,8.192000e+00,0.000000e+00
32,6.553600e+00,0.000000e+00
64,6.898526e+00,0.000000e+00
128,5.940941e+00,0.000000e+00
256,3.982249e+00,0.000000e+00
512,3.770055e+00,0.000000e+00
1024,2.607350e+00,0.000000e+00
2048,1.253690e+00,0.000000e+00
4096,9.386531e-01,0.000000e+00
