Size,Gflops,Diff
4,inf,0.000000e+00
8,inf,0.000000e+00
16,8.192000e+00,0.000000e+00
32,6.553600e+00,0.000000e+00
64,6.898526e+00,0.000000e+00
128,7.169750e+00,0.000000e+00
256,6.340596e+00,0.000000e+00
512,6.006880e+00,0.000000e+00
1024,6.007132e+00,0.000000e+00
2048,5.983567e+00,0.000000e+00
4096,5.981141e+00,0.000000e+00