Size,Gflops,Diff
4,inf,3.603725e+07
8,inf,3.603882e+07
16,2.730667e+00,3.604502e+07
32,1.638400e+00,3.606973e+07
64,1.583952e+00,3.616829e+07
128,1.662427e+00,8.753561e+08
256,1.102024e+00,8.820490e+08
512,8.804800e-01,8.915026e+08
1024,5.000028e-01,9.229640e+08
